Smith, David Woodruff => Smith, David Woodruff
Angell, James Rowland => Angell, James Rowland
Nasr, Seyyed Hossein => Nasr, Seyyed Hossein
Price, Henry Habberley => Price, H. H.
Milikan, Ruth Garrett => Millikan, Ruth G.
Moore, George Edward => Moore, G. E.
Sellars, Roy Wood => Sellars, Roy Wood
Davies, Paul Sheldon => Davies, Paul Sheldon
Khalidi, Muhammad Ali => Khalidi, Muhammad Ali
Khalidi, Muhammad Ali => Khalidi, Muhammad A.
Austin, John Langshaw => Austin, John Langshaw
Austin, John Langshaw => Austin, J. L.
Mellor, David Hugh => Mellor, D. H.
Thomson, Judith Jarvis => Thomson, Judith Jarvis
Skinner, Burrhus Frederic => Skinner, B. F.
Marcus, Ruth Barcan => Marcus, Ruth Barcan
Wong, Hong Yu => Wong, Hong Yu
von Wright, Georg Henrik => von Wright, Georg Henrik
Prichard, Harold Arthur => Prichard, H. A.
Davies, Anne Aimola => Davies, Anne Aimola
Saksena, Shri Krishna => Saksena, Shri Krishna
Bynum, Terrell Ward => Bynum, Terrell Ward
Brokes, Audre Jean => Brokes, Audre Jean
Cartwright, Helen Morris => Cartwright, Helen Morris
Johnson, David Martel => Johnson, David Martel
Jacobson, Anne Jaap => Jacobson, Anne Jaap
Ladd, George Trumbull => Ladd, George Trumbull
Gold, Steven Jay => Gold, Steven Jay
Whiteley, Charles Henry => Whiteley, C. H.
Naylor, Margery Bedford => Naylor, Margery Bedford
Barrett, Lisa Feldman => Barrett, Lisa Feldman
Broad, Charlie Dunbar => Broad, C. D.
Smythies, John Raymond => Smythies, J. R.
Zeev, Aaron Ben => Ben-Ze'ev, Aaron
Chan, Sin Yee => Chan, Sin Yee
Sobel, Jordan Howard => Sobel, Jordan Howard
Smith, David Woodruff => Smith, David Woodruff
MARCUS, Ruth Barcan => Marcus, Ruth Barcan
Smith, Barbara Herrnstein => Smith, Barbara Herrnstein
Wilson, David Sloan => Wilson, David Sloan
Barba, Gianfranco Dalla => Dalla Barba, Gianfranco
Kalderon, Mark Eli => Kalderon, Mark Eli
Anscombe, Gertrude Elizabeth Margaret => Anscombe, G. E. M.
Ayer, Alfred Jules => Ayer, A. J.
Baker, Lynne Rudder => Baker, Lynne Rudder
Hare, Richard Mervyn => Hare, R. M.
Smart, John Jamieson Carswell => Smart, J. J. C.
Hardcastle, Valerie Gray => Hardcastle, Valerie Gray
Jordan, Jeffrey Scott => Jordan, Jeffrey Scott
Smith, Brian Cantwell => Smith, Brian Cantwell
Ekstrom, Laura Waddell => Ekstrom, Laura W.
Mcalister, Linda Lopez => McAlister, Linda Lopez
Wolf, Fred Alan => Wolf, Fred Alan
Fischer, John Martin => Fischer, John Martin
Beck, Lewis White => Beck, Lewis White
Hardin, Clyde Laurence => Hardin, C. L.
BAKER, Lynne Rudder => Baker, Lynne Rudder
Brown, Steven Ravett => Brown, Steven Ravett
Perry, Ralph Barton => Perry, Ralph Barton
Findlay, John Niemeyer => Findlay, J. N.
Baldwin, James Mark => Baldwin, James Mark
Mackie, John Leslie => Mackie, J. L.
Hanson, Norwood Russell => Hanson, Norwood Russell
Griffin, David Ray => Griffin, David Ray


