busby => Busby
reeder => Reeder
pickles => Pickles
cope => Cope
mulligan => Mulligan
harp => Harp
pike => Pike
pings => Pings
clement => Clement
cleaver => Cleaver
chino => Chino
lynch => Lynch
cock => Cock
verges => Verges
spade => Spade
cozy => Cozy
felicity => Felicity
heal => Heal
bellows => Bellows
manly palmer => Manly Palmer
slack => Slack
willer => Willer
prince => Prince
auger => Auger
seal => Seal
bay => Bay
going => Going
apostle => Apostle
g-ming => G-Ming
evangelist => Evangelist
haste => Haste
tromp => Tromp
whitely => Whitely
merchant => Merchant
pons => Pons
martin beck => Martin Beck
carper => Carper
bench => Bench
pinto => Pinto
mast => Mast
warden => Warden
urban => Urban
smoker => Smoker
mallard => Mallard
sterling => Sterling
sax => Sax
knight => Knight
j and others => J and Others
chip => Chip
wale => Wale
poplin => Poplin
parker => Parker
shin => Shin
joss => Joss
parchment => Parchment
minter => Minter
constance => Constance
holly smith => Holly Smith
gull => Gull
runes => Runes
dormer => Dormer
smith => Smith
sheets => Sheets
madden => Madden
dent => Dent
rivers => Rivers
booth => Booth
royal institute of philosophy => Royal Institute Of Philosophy
brink => Brink
earls => Earls
manning => Manning
sheriff => Sheriff
chant => Chant
muck => Muck
swan => Swan
max oliver => Max Oliver
cord => Cord
householder => Householder
crown => Crown
bowers => Bowers
bonnet => Bonnet
guest => Guest
beard => Beard
dagger => Dagger
gage => Gage
browning => Browning
leach => Leach
firth => Firth
baptist => Baptist
mace => Mace
lander => Lander
van fleet => Van Fleet
valentine => Valentine
bunch => Bunch
eyer => Eyer
stocking => Stocking
paschal => Paschal
peter => Peter
headings => Headings
moses akin => Moses Akin
callus => Callus
peg => Peg
roller => Roller
warner => Warner
thrush => Thrush
max peter => Max Peter
meeker => Meeker
binder => Binder
rump => Rump
monk => Monk
i and others => I and Others
chinen => Chinen
shams => Shams
hawks => Hawks
philosophy of education society => Philosophy Of Education Society
coats => Coats
elm => Elm
palmer => Palmer
manor => Manor
berg-pan => Berg-Pan
rumble => Rumble
orchard => Orchard
wren-lewis => Wren-Lewis
crease => Crease
docker => Docker
tung => Tung
ridgely => Ridgely
cornet => Cornet
chester => Chester
constable => Constable
tankard => Tankard
hatch => Hatch
mason => Mason
wen-fang => Wen-Fang
bishop => Bishop
weld => Weld
snook => Snook
maré => Maré
john cardinal => John Cardinal
widen => Widen
trotter => Trotter
minister => Minister
senor => Senor
miller-frank => Miller-Frank
hooper => Hooper
pol => Pol
windy => Windy
diva => Diva
fennel => Fennel
pace => Pace
silvers => Silvers
burr => Burr
burley => Burley
lemons => Lemons
ensign => Ensign
harry burrows => Harry Burrows
derricks => DerrickS
pork => PORK
arenas => Arenas
huff => Huff
dickey => Dickey
cutter => Cutter
peddle => Peddle
foster => Foster
culler => Culler
ferro => Ferro
pap => Pap
dudgeon => Dudgeon
john wood => John Wood
rusk => Rusk
painter => Painter
marshal => Marshal
graham. => Graham.
pinker => Pinker
turner => Turner
majors => Majors
van leer => Van Leer
tarp => Tarp
dexter => Dexter
hip => Hip
basil => Basil
vial => Vial
staples => Staples
elms => Elms
dower => Dower
pease => Pease
whitehead => Whitehead
flash => Flash
mares => Mares
cantor => Cantor
heft => Heft
champion => Champion
peek => Peek
balder => Balder
denier => Denier
patty => Patty
hell => Hell
bruin => Bruin
eaves => Eaves
virtue => Virtue
ham => Ham
bounds => Bounds
hunts => Hunts
norm => Norm
farer => Farer
robin may => Robin May
shell => Shell
blacking => Blacking
hocks => Hocks
towns => Towns
zanier => Zanier
jack wade => Jack Wade
kingdom => Kingdom
wheeler iii => Wheeler III
pearl => Pearl
redwood => Redwood
assen => Assen
marquis => Marquis
rune => Rune
swearer => Swearer
nickel => Nickel
lívia => Lívia
furnish => Furnish
mew => Mew
knee => KNEE
glazer => Glazer
bassi => Bassi
moll => Moll
grief => Grief
fisher => Fisher
basso => Basso
grad => Grad
partner => Partner
canter => Canter
jeans => Jeans
bower => Bower
dicker => Dicker
florin => Florin
büring => Büring
hector => Hector
nicks => Nicks
bate => Bate
cooper => Cooper
g and others => G and Others
thistle => Thistle
hidé => Hidé
burger => Burger
büken => Büken
grace => Grace
wold => Wold
rainbow => Rainbow
la mountain => La Mountain
fries => Fries
bonnie => Bonnie
parson => Parson
steward => Steward
crocker => Crocker
aurora => Aurora
askew => Askew
brook noel => Brook Noel
franklin chester => Franklin Chester
downing => Downing
stiles => Stiles
speller => Speller
berg => Berg
scarfò => Scarfò
raja ram => Raja Ram
dieter => Dieter
sage => Sage
tarán => Tarán
fortes => Fortes
hillier => Hillier
violet => Violet
smitten => Smitten
dais => Dais
llano => Llano
farrow => Farrow
henry pierce => Henry Pierce
bacon => Bacon
tong => Tong
rob => Rob
lubbers => Lubbers
freeman => Freeman
salsa => Salsa
bushman => Bushman
winchester => Winchester
bump => Bump
stamps => Stamps
chancellor => Chancellor
piers => Piers
casement => Casement
margin => Margin
mollie => Mollie
cruise => Cruise
pepper => Pepper
anders-stern => Anders-Stern
grinder => Grinder
solère => Solère
sailor => Sailor
squire => Squire
riser => Riser
wagers => Wagers
rivet => Rivet
code => Code
watt => Watt
coder => Coder
setälä => Setälä
samples => Samples
graft => Graft
prior => Prior
people's daily editorial board => People's Daily Editorial Board
woodyard => Woodyard
saddler => Saddler
hanks => Hanks
motes => Motes
morocco => Morocco
lance => Lance
rainwater => Rainwater
landau => Landau
summers => Summers
gale => Gale
jacker => Jacker
kraft => Kraft
plants => Plants
bush-brown => Bush-Brown
couch => Couch
motley => Motley
creel => Creel
meadows => Meadows
rømer => Rømer
caste => Caste
brad => Brad
primer => Primer
plows => Plows
lamb => Lamb
ming-wood => Ming-Wood
furness => Furness
brewer => Brewer
kitty => Kitty
hutch => Hutch
drought => Drought
shepherd => Shepherd
wheelwright => Wheelwright
max martin => Max Martin
mays => Mays
viscount => Viscount
gurney => Gurney
stein => Stein
funk => Funk
mash => Mash
martens => Martens
carol mason => Carol Mason
trilling => Trilling
van ruler => Van Ruler
argyle => Argyle
pinch => Pinch
john turk => John Turk
gem => Gem
jay => Jay
barnacle => Barnacle
don => Don
valence => Valence
sue => Sue
capon => Capon
rodding => Rodding
rosin => Rosin
burrows => Burrows
brilliant => Brilliant
fuller => Fuller
wiener => Wiener
swindler => Swindler
atlas => Atlas
villa => Villa
flowers => Flowers
peacock => Peacock
mates => Mates
living will project => Living Will Project
hugger => Hugger
dyke => Dyke
hub => Hub
falcon => Falcon
bar-am => Bar-Am
illy => Illy
smithies => Smithies
lath => Lath
barber => Barber
bethel => Bethel
colter => Colter
thunder => Thunder
mate => Mate
jacks => Jacks
sherry => Sherry
moody => Moody
carter mullen => Carter Mullen
colleen => Colleen
conner => Conner
ambler => Ambler
hedges => Hedges
dodge => Dodge
sowers => Sowers
gall => Gall
guying => Guying
grippe => Grippe
gut => Gut
peter martin => Peter Martin
tiger => Tiger
dean grimes => Dean Grimes
piety => Piety
scotch => Scotch
cape => Cape
decker => Decker
lints => Lints
bolling => Bolling
briefs => Briefs
martins => Martins
wolf ii => Wolf II
postal => Postal
smock => Smock
insole => Insole
moses => Moses
la puma => La Puma
loader => Loader
hawthorn => Hawthorn
céline => Céline
singleton => Singleton
collier => Collier
venturi => Venturi
wright => Wright
bowie => Bowie
giddy => Giddy
moulds => Moulds
goering => Goering
overing => Overing
divers => Divers
hacker => Hacker
iring => Iring
jaspers => Jaspers
hug => Hug
humble => Humble
rouse => Rouse
van => Van
skinner => Skinner
fowler iii => Fowler Iii
lemon => Lemon
arpaly => Arpaly
waters => Waters
proctor => Proctor
hassler => Hassler
chew lee => Chew Lee
turk => TURK
fried => Fried
lüthy => Lüthy
rotunda => Rotunda
meek => Meek
suits => Suits
tiles => Tiles
john  => John 
tad => Tad
bowen => Bowen
commoner => Commoner
porphyry => Porphyry
beg => Beg
pat => Pat
dell => Dell
corker => Corker
curt john => Curt John
bath => Bath
dirk => Dirk
matías => Matías
maxim => Maxim
morrow => Morrow
hagen => Hagen
cam => Cam
sandman => Sandman
collie => Collie
knoll => Knoll
scholar => Scholar
rogers => Rogers
putt => Putt
brake => Brake
beth => Beth
beaver => Beaver
tricker => Tricker
wattles => Wattles
lever => Lever
hawk => Hawk
ford => Ford
fang => Fang
heirs => Heirs
dover => Dover
berth => Berth
null => Null
bond => Bond
laing => Laing
grey => Grey
moss => Moss
rowen => Rowen
mayor => Mayor
furs => Furs
swami => Swami
bonds => Bonds
drover => Drover
finis => Finis
crystal => Crystal
tonne => Tonne
withers => Withers
bang => Bang
patsy => Patsy
polka => Polka
sievers => Sievers
herder => Herder
chi-pin => Chi-Pin
tittle => Tittle
honey => Honey
bing => Bing
sales => Sales
flint => Flint
freedman => Freedman
garner => Garner
billings => Billings
rick => Rick
mats => Mats
wick => Wick
limper => Limper
lane => Lane
seller => Seller
winchester- => Winchester-
bender => Bender
cocks => Cocks
regal => REGAL
teller => Teller
beach => Beach
weary => Weary
hoy => Hoy
burgers => Burgers
daub => Daub
mints => Mints
lazier => Lazier
chichi => Chichi
timothy john => Timothy John
tart => Tart
filter => Filter
staff => Staff
van aver => Van Aver
leak => Leak
verity => Verity
fins => Fins
maudlin => Maudlin
arroyo => Arroyo
speck => Speck
john oliver => John Oliver
wanner => Wanner
carver => Carver
stroker => Stroker
rudder => Rudder
cutting-gray => Cutting-Gray
mow => Mow
bourgeois => Bourgeois
grimes => Grimes
chalk => Chalk
crump => Crump
f and others => F and Others
mercy => Mercy
batóg => Batóg
striker => Striker
willower => Willower
slicer => Slicer
temple => Temple
englander => Englander
blocker => Blocker
demos => Demos
tress => Tress
ante => Ante
graves => Graves
van den hove => Van den Hove
cliff => Cliff
boxer => Boxer
harsh => Harsh
dick => Dick
maróti => Maróti
antón => Antón
chi-wen => Chi-Wen
dibble => Dibble
kirk => Kirk
laura => Laura
martin => Martin
van till => Van Till
freer => Freer
autumn => Autumn
elan => Elan
john henry => John Henry
emery => Emery
dresser => Dresser
yarrow => Yarrow
god => God
ville => Ville
basin => Basin
lief => Lief
wit => Wit
lord => Lord
toms => Toms
tao => Tao
ping => Ping
odd => Odd
challenger => Challenger
bailly => Bailly
yeast => Yeast
petty => Petty
mare => Mare
slate => Slate
chi => Chi
goody => Goody
ho-won => Ho-Won
keeling => Keeling
greenwood => Greenwood
tung-chi => Tung-Chi
désirée => Désirée
cyclone => Cyclone
hula => Hula
cheek => Cheek
freed => Freed
dale => Dale
petri => Petri
tang => Tang
pilgrim => Pilgrim
wees => Wees
dryer => Dryer
ethics and social impact committee => Ethics and Social Impact Committee
peppers => Peppers
stack => Stack
macer => Macer
van peter => Van Peter
lewis white => Lewis White
serene => Serene
sabre => Sabre
chevalier => Chevalier
cote => Cote
macintosh => MacIntosh
brand => Brand
readings => Readings
superman => Superman
hock => Hock
mars => Mars
goto => Goto
hon-lam => Hon-Lam
sinks => Sinks
grove-white => Grove-White
league => League
rank => Rank
sturgeon => Sturgeon
billy => Billy
dare => Dare
redhead => Redhead
jack (collaborator) => JACK (collaborator)
dolphin => Dolphin
pledge => Pledge
reed-downing => Reed-Downing
l' abbe => L' Abbe
truss => Truss
morales => Morales
atria => Atria
davenport => Davenport
candy => Candy
pepper-smith => Pepper-Smith
wilding => Wilding
cleaves => Cleaves
maxwell john => Maxwell John
newton smith => Newton Smith
sailer => Sailer
ages => Ages
sos => Sos
hong woo => Hong Woo
john peter => John Peter
eves => Eves
weed => Weed
hop => Hop
sparer => Sparer
ware => Ware
polis => Polis
hawking => Hawking
revering => Revering
gills => Gills
robin => Robin
bowler => Bowler
tint => Tint
düsing => Düsing
lean => Lean
knights => Knights
lively => Lively
van den berg => Van den Berg
posy => Posy
gully => Gully
messing => Messing
smuts => Smuts
damper => Damper
troy => Troy
gore => Gore
lob => Lob
shim => Shim
sylvan => Sylvan
louden => Louden
balk => BALK
tickle => Tickle
g prys => G Prys
grout => Grout
booker => Booker
harmer => Harmer
peter (and others) => Peter (and Others)
gaitán => Gaitán
honer => Honer
hammers => Hammers
bald => Bald
trier => Trier
ledger => Ledger
nelson => Nelson
magenta => Magenta
c and others => C and Others
caws => Caws
young seek => Young Seek
bob => Bob
hood => Hood
quest:feminist quarterly => Quest:Feminist Quarterly
seaman => Seaman
provost => Provost
senna => Senna
lesser => Lesser
van dyke => Van Dyke
imam => Imam
gal-or => Gal-Or
fortune => Fortune
fielder => Fielder
cone => Cone
and others => and Others
wells => Wells
motto => Motto
ting => Ting
corder => Corder
stocker => Stocker
prudence => Prudence
wan => Wan
maier => Maier
kindred => Kindred
diner => Diner
hamburger => Hamburger
frank => Frank
reamer => Reamer
crick => Crick
boyer => Boyer
goldsmith => Goldsmith
paddock => Paddock
boas => Boas
john underwood => John Underwood
döring => Döring
cleave => Cleave
van hoof => Van Hoof
fang-tong => FANG-TONG
bold => Bold
carp => Carp
pager => Pager
canary => Canary
martin-löf => Martin-Löf
deans => Deans
ala => Ala
wilder => Wilder
stokes => Stokes
lad => Lad
charity => Charity
muses => Muses
man kit => Man Kit
lester gilbert => Lester Gilbert
minors => Minors
lewis => Lewis
tuckness => Tuckness
jess => Jess
henry and others => Henry and Others
quash => Quash
harries => Harries
isles => Isles
bimbo => Bimbo
somers => Somers
assister => Assister
steins => Steins
doorman => Doorman
international cultural foundation => International Cultural Foundation
elders => Elders
eddy => Eddy
peck => Peck
speer => Speer
chinchilla => Chinchilla
smart => Smart
fawn => Fawn
ragas => Ragas
beards => Beards
wally => Wally
dolly => Dolly
cacciatore => Cacciatore
irons => Irons
oner => Oner
button => Button
quill => Quill
aeon => Aeon
amélie => Amélie
poser => Poser
lei => Lei
deck => Deck
bangs => Bangs
butts => Butts
buys => Buys
raters => Raters
vine => Vine
philosophy department theory group => Philosophy Department Theory Group
wane => Wane
rocker => Rocker
bellè => Bellè
la forge => La Forge
henry nelson => Henry Nelson
guild => Guild
budge => Budge
hacking => Hacking
perter => Perter
goodnight => Goodnight
pals => Pals
henry john franklin => Henry John Franklin
channel => Channel
partridge => Partridge
vivas => Vivas
scull => SCULL
potter => Potter
towers => Towers
gad => Gad
Åberg => Åberg
sparks => Sparks
popper => Popper
van honk => Van Honk
redding => Redding
plug => Plug
brothers => Brothers
shaver => Shaver
spiller => Spiller
bong-ho => Bong-Ho
hands => Hands
bérubé => Bérubé
arias => Arias
brown iii => Brown III
tiffany => Tiffany
strain => Strain
baker => Baker
jean garner => Jean Garner
slaw => Slaw
helm => Helm
rood => Rood
hicks => Hicks
patience => Patience
beech => Beech
inwagen => Inwagen
snapper => Snapper
merlin => Merlin
bock => Bock
stones => Stones
john mark => John Mark
deter => Deter
nutting => Nutting
myrtle => Myrtle
hen => Hen
crook => Crook
mullet => Mullet
vale => Vale
fuss => Fuss
downs => Downs
dickens => Dickens
mesa => Mesa
(miss) => (miss)
caster => Caster
vítor => Vítor
t and others => T and Others
spender => Spender
haver => Haver
dykes => Dykes
ferris => Ferris
butt => Butt
ebbs => Ebbs
stall => Stall
harper => Harper
lam => Lam
ewer => Ewer
garland => Garland
bollée => Bollée
riches => Riches
wagoner => Wagoner
watts => Watts
burgess => Burgess
wood-harper => Wood-Harper
hertz => Hertz
cork => Cork
fears => Fears
cherry => Cherry
ringer => Ringer
quester => Quester
floss => Floss
almond => Almond
hazard => Hazard
wiles => Wiles
author unknown => Author Unknown
blanc => Blanc
paternoster => Paternoster
karma => Karma
levy => Levy
grizzle => Grizzle
quillen => Quillen
char => Char
lore => Lore
deacon => Deacon
violas => Violas
welding => Welding
sag => Sag
ton van => Ton Van
sayers => Sayers
weaver => Weaver
jean => Jean
abbot => Abbot
van pelt => Van Pelt
jean-mark => Jean-Mark
fan => Fan
aria => Aria
crooks => Crooks
treat => Treat
cousin => Cousin
stocks => Stocks
par => Par
areán => Areán
burg => Burg
lather => Lather
usher => Usher
stoney => Stoney
gilbert morris => Gilbert Morris
fink => Fink
bowman => Bowman
leech => Leech
wee => Wee
margarita => Margarita
ruffle => Ruffle
levering => Levering
woo => Woo
shear => Shear
graver => Graver
goad => Goad
gallant => Gallant
shiner => Shiner
franklin => Franklin
sheikh => Sheikh
sandøe => Sandøe
bates => Bates
hark => Hark
gilbert => Gilbert
churchman => Churchman
yin => Yin
barker => Barker
hogan => Hogan
gram => Gram
spier => Spier
strand => Strand
chew => Chew
mark john => Mark John
h and others => H and Others
comfort => Comfort
maestro => Maestro
termini => Termini
hone => Hone
sung ho => Sung Ho
pinching => Pinching
lock => Lock
whited => Whited
ales => Ales
hillman => Hillman
rein => Rein
tongs => Tongs
unto => Unto
miles => Miles
guy and others => Guy and Others
guru => Guru
gunning => Gunning
buckle => Buckle
angel => Angel
peppers-bates => Peppers-Bates
chi-ming => Chi-Ming
sprung => Sprung
munch => Munch
quint => Quint
penny => Penny
joey => Joey
dillinger => Dillinger
bas van => Bas Van
jimmy => Jimmy
charmé => Charmé
lama => Lama
innocent => Innocent
pal => Pal
young-ran => Young-Ran
dale wilt => Dale Wilt
tom and others => Tom and Others
ally => Ally
saver => Saver
ager => Ager
wisdom => Wisdom
fudge => Fudge
göran => Göran
mayer => Mayer
barns => Barns
grave => Grave
dieter and others => Dieter and Others
sartorius => Sartorius
fader => Fader
bracken => Bracken
otter => Otter
pillow => Pillow
woo-sung => Woo-Sung
miller => Miller
john lewis => John Lewis
dye => Dye
parks => Parks
flier => Flier
grit => Grit
rosemary => Rosemary
ten have => Ten Have
john mason => John Mason
flood => Flood
macadam => MacAdam
van den dries => Van den Dries
pant => Pant
raven => Raven
minor => Minor
willinger => Willinger
reed way => Reed Way
fields => Fields
fiasco => Fiasco
plot => Plot
crouch => Crouch
ethics research group => Ethics Research Group
ferry => Ferry
holder => Holder
berry => Berry
abbey => Abbey
disco => Disco
rolls => Rolls
bash => Bash
lauder => Lauder
maría pía => María Pía
pier => Pier
skilling => Skilling
hones => HONES
gentile maria => Gentile Maria
sultan => Sultan
rip => Rip
tough => Tough
pimple => Pimple
elder => Elder
brands => Brands
lacy => Lacy
maróth => Maróth
hales => Hales
bars => Bars
rattan => Rattan
fireman => Fireman
keys => Keys
oliver => Oliver
tom => Tom
way-hung => Way-hung
käthe => Käthe
hon-ming => HON-MING
inlander => Inlander
keener => Keener
palms => Palms
khan => Khan
gin => Gin
suck => Suck
stopper => Stopper
case-winters => Case-Winters
tuna => Tuna
helms => Helms
block => Block
sober => Sober
ståles => StåleS
chafe => Chafe
sable => Sable
bird => Bird
tamás => Tamás
sly => Sly
haddock => Haddock
pack-brown => Pack-Brown
remnant => Remnant
curt => Curt
violin => Violin
heck => Heck
paradise => Paradise
granger => Granger
ram => Ram
la tour => La Tour
sol => Sol
harrow => Harrow
sherlock => Sherlock
mould => Mould
marks => Marks
handy => Handy
ho wing => Ho Wing
velvet => Velvet
curie fellow => Curie Fellow
free inquiry => Free Inquiry
cull => Cull
salter => Salter
yuk => Yuk
bar on => Bar On
nightingale => Nightingale
tee => Tee
net => Net
woodcock => Woodcock
boo => Boo
eagle => Eagle
cowling => Cowling
palaver => Palaver
frank miller => Frank Miller
jean-roger => Jean-Roger
bole => Bole
finch => Finch
hoping => Hoping
alba => Alba
martial => Martial
maría => María
sprinkle => Sprinkle
starling => Starling
borne => Borne
leathers => Leathers
stamper => Stamper
jean beer => Jean Beer
footman => Footman
fetters => Fetters
jean-beer => Jean-Beer
alderman => Alderman
alma => Alma
moors => Moors
yen => Yen
boring => Boring
dole => Dole
taler => Taler
noel => Noel
badger => Badger
pears => Pears
rust => Rust
winking => Winking
shier => Shier
stamp => Stamp
parrot => Parrot
hare => Hare
roper => Roper
anders stern => Anders Stern
stead => Stead
lüthe => Lüthe
hight => Hight
piper => Piper
oliver piers => Oliver Piers
reedy => Reedy
kin => Kin
hastings => Hastings
severens => Severens
locker => Locker
roach => ROACH
peter blaze => Peter Blaze
lucks => Lucks
slob => Slob
dahlia => Dahlia
burros => Burros
sizer => Sizer
saviours => SaviourS
finder => Finder
waterman => Waterman
whaling => Whaling
shivers => Shivers
marine => Marine
storey => Storey
teed => Teed
bray => Bray
sir martin => Sir Martin
gal => Gal
iii => III
grim => Grim
strayer => Strayer
nick => Nick
lester => Lester
newton-smith => Newton-Smith
cools => Cools
wand => WAND
berger => Berger
fowl => Fowl
bricker => Bricker
sample => Sample
gibbon => Gibbon
brace => Brace
tore => Tore
meg => Meg
welter => Welter
gates => Gates
lea => Lea
sterns => Sterns
tar => Tar
lamer => Lamer
alway => Alway
barrow => Barrow
craven => Craven
bouquet => Bouquet
apter => Apter
john (contributor) => John (contributor)
reasoner => Reasoner
welsh => Welsh
sitter => Sitter
julienne => Julienne
ming ming => Ming Ming
warren => Warren
gatherer => Gatherer
waltz => Waltz
van es => Van Es
forte => Forte
walker => Walker
packer => Packer
henry lee => Henry Lee
numbers => Numbers
ransom => Ransom
hey => Hey
blond => Blond
judges => Judges
hatcher => Hatcher
oded => Oded
cat ho => CAT HO
van house => Van House
weber => Weber
abbe => Abbe
john emery => John Emery
coffin => Coffin
terry => Terry
asperó => Asperó
carol => Carol
reeves => Reeves
seaward => Seaward
gallop => Gallop
demand => Demand
dominion => Dominion
shaker => Shaker
payer => Payer
hunting => Hunting
sheen => Sheen
marking => Marking
hazel => Hazel
blunt => Blunt
brassier => Brassier
quilter => Quilter
max => Max
quirk => Quirk
brook => Brook
van camp => Van Camp
twining => Twining
john => John
stow => Stow
rode => Rode
stoker => Stoker
martí => Martí
linden => Linden
link-salinger => Link-Salinger
hough => Hough
coral => Coral
tom foster => Tom Foster
stalker => Stalker
maze => Maze
hays => Hays
misty => Misty
van tassel => Van Tassel
nurser => Nurser
joke => Joke
harden => Harden
senior => Senior
pitcher => Pitcher
wiser => Wiser
darling => Darling
van kirk => Van Kirk
shirk => Shirk
sawer => Sawer
hook => Hook
akin => Akin
veto => Veto
don parry => Don Parry
ramón => Ramón
pang-white => Pang-White
weeks => Weeks
duke => Duke
rider => Rider
file => File
dirk-martin => Dirk-Martin
hickey => Hickey
dames => Dames
brooks => Brooks
hull => Hull
tucker => Tucker
ambrose => Ambrose
salonen => Salonen
hank => Hank
baker iii => Baker III
pang => Pang
bidet => Bidet
censor => Censor
alps => Alps
jean jay => Jean Jay
snare => Snare
creed => Creed
mark warren => Mark Warren
bellow => Bellow
lash => Lash
barrows => Barrows
pledger => Pledger
settles => Settles
jasper => Jasper
bonjour => BonJour
friesen => Friesen
dray => Dray
roger and others => Roger and Others
fowler => Fowler
winters => Winters
golding => Golding
chapel => Chapel
weir => Weir
martinet => Martinet
fagot => Fagot
sawyers => Sawyers
bast => Bast
nil => Nil
oral => Oral
finding => Finding
roman => Roman
laden => Laden
worms => Worms
toner => Toner
pawl => Pawl
groves => Groves
arbor => Arbor
phosphorus => Phosphorus
mercer => Mercer
josh => Josh
seeks => Seeks
dyer => Dyer
ream => Ream
backer => Backer
boys-stones => Boys-Stones
wishy => Wishy
coy => Coy
vita => Vita
buckler => Buckler
lees => Lees
palm => Palm
august => August
harry => Harry
picayune => Picayune
bane => Bane
beets => BEETS
ayers => Ayers
millstone => Millstone
loch => Loch
wren => Wren
nova => Nova
dill => Dill
nuncio => Nuncio
mount => Mount
swart => Swart
batten => Batten
remits => Remits
lawless => Lawless
cruft => Cruft
clack => Clack
flora => Flora
mark robin => Mark Robin
jean maria => Jean Maria
scrivener => Scrivener
lavender => Lavender
wade => Wade
hong => Hong
kraut => Kraut
biology and gender study group => Biology and Gender Study Group
graham => Graham
w van => W Van
herb => Herb
boss => Boss
royal => Royal
constant => Constant
cairns => Cairns
rodes => Rodes
la forest => La Forest
mines => Mines
eden => Eden
wake => Wake
andújar => Andújar
spas => Spas
sleight => Sleight
ding => Ding
wax => Wax
fey => Fey
soles => Soles
gong => Gong
john martin => John Martin
center for business ethics => Center For Business Ethics
beecher => Beecher
pitman => Pitman
fletcher => Fletcher
woods => Woods
whit => Whit
hopper => Hopper
bury => Bury
coward => Coward
peter van => Peter Van
nánay => Nánay
sanders => Sanders
bowling => Bowling
fox-decent => Fox-Decent
sayer => Sayer
cousins => Cousins
henning => Henning
begin => Begin
wellington => Wellington
gasper => Gasper
d and others => D and Others
mechanic => Mechanic
pickering => Pickering
betül => Betül
link => Link
profit => Profit
holden => Holden
bench-capon => Bench-Capon
thatcher => Thatcher
bülent => Bülent
sessions => Sessions
duff => Duff
peer => Peer
drake => Drake
tommy => Tommy
van loon => Van Loon
flaming => Flaming
jenny => Jenny
speaks => Speaks
sobers => Sobers
lawn => Lawn
keen => Keen
earl of => Earl Of
peat => Peat
looker => Looker
ashman => Ashman
john jay => John Jay
chow => Chow
mole => Mole
savage => Savage
selling => Selling
harry elmer => Harry Elmer
gems => Gems
byers => Byers
plank => Plank
sanders-bustle => Sanders-Bustle
boon => Boon
carter => Carter
miller iii => Miller Iii
merry => Merry
righter => Righter
buncombe => Buncombe
bodkin => Bodkin
forges => Forges
lofts => Lofts
hardy => Hardy
boons => Boons
pope => Pope
les => Les
drum => Drum
archer => Archer
mommaers => Mommaers
beavers => Beavers
salvo => Salvo
shriver => Shriver
changer => Changer
hick => Hick
dunner => Dunner
cotter => Cotter
albino => Albino
dodos => Dodos
education research group institute => Education Research Group Institute
haggard => Haggard
elmer john => Elmer John
maxwell => Maxwell
w and others => W and Others
infield => Infield
roe => Roe
cling => Cling
hon => Hon
rounds => Rounds
dash => Dash
henry => Henry
glen warren => Glen Warren
doe => Doe
panda => Panda
forge => Forge
beer => Beer
draper => Draper
ant => Ant
hemming => Hemming
gay => Gay
flay => Flay
buckeye => Buckeye
stale => Stale
alley => Alley
bays => Bays
rumen => Rumen
papa => Papa
forester => Forester
prier => Prier
crofts => Crofts
modée => Modée
scriven => Scriven
anchor => Anchor
apt => Apt
stroll => Stroll
quincy => Quincy
muller => Muller
freeze => Freeze
reef => Reef
cumming => Cumming
mills => Mills
van den belt => Van den Belt
cairns-smith => Cairns-Smith
kook => Kook
bard => BARD
england => England
tans => Tans
tame => Tame
shanks => Shanks
reed => Reed
mane => Mane
n and others => N and Others
stout => Stout
stringer => Stringer
marsh => Marsh
flack => Flack
Óscar => Óscar
smith ii => Smith II
bergen => Bergen
locks => Locks
pinter => Pinter
cat-ho => Cat-Ho
roger => Roger
rentería => Rentería
lister => Lister
almaça => Almaça
pétry => Pétry
butters => Butters
swindle => Swindle
lesses => Lesses
wager => Wager
orly => Orly
sender => Sender
furlong => Furlong
bishop of hippo => Bishop Of Hippo
venter => Venter
roebuck => Roebuck
ruder => Ruder
john wright => John Wright
shipman => Shipman
hiller => Hiller
cannon => Cannon
gasser => Gasser
newton => Newton
drone => Drone
elf => Elf
quartz => Quartz
ash => Ash
radar => Radar
rives => Rives
farthing => Farthing
bliss => Bliss
bode => Bode
ani => Ani
ells => Ells
gamble => Gamble
layman => Layman
swank => Swank
whittle => Whittle
petter => Petter
stamps iii => Stamps III
lakes => Lakes
baker-fletcher => Baker-Fletcher
sander => Sander
fellows => Fellows
winch => Winch
crosser => Crosser
tufts => Tufts
baden => Baden
curry => Curry
gentile => Gentile
reno => Reno
woodruff => Woodruff
young back => Young Back
low-beer => Low-Beer
yon => Yon
merges => Merges
fortier => Fortier
kroner => Kroner
ripple => Ripple
chin-mu => Chin-mu
organ => Organ
curb => Curb
gentry => Gentry
rind => Rind
pols => Pols
eve browning => Eve Browning
gayer => Gayer
rose wilder => Rose Wilder
minder => Minder
whiten => Whiten
snow-smith => Snow-Smith
barrios => Barrios
teal => Teal
tomàs => Tomàs
mike => Mike
elmer => Elmer
helling => Helling
lopes => Lopes
quay => Quay
harry coffin => Harry Coffin
liberty => Liberty
blinder => Blinder
babbitt => Babbitt
topping => Topping
sally => Sally
dikeç => Dikeç
furrow => Furrow
we-ming => We-Ming
justice => Justice
dean => Dean
domino => Domino
lone => Lone
glen => Glen
sower => Sower
whiting => Whiting
whetstone => Whetstone
harry lewis => Harry Lewis
stoops => Stoops
sandy => Sandy
pecker => Pecker
winder => Winder
laurel => Laurel
beck => Beck
parsons => Parsons
fry-revere => Fry-Revere
chiles => Chiles
john and others => John and Others
ergüden => Ergüden
john hurt => John Hurt
haven => Haven
heap => Heap
rapping => Rapping
spinner => Spinner
bolt => Bolt
hocking => Hocking
chi tat => Chi Tat
clements => Clements
robins => Robins
trout => Trout
trusted => Trusted
lenders => Lenders
keel => Keel
gang => Gang
strander => Strander
craver => Craver
faith => Faith
herring => Herring
ming => Ming
racy => Racy
butcher => Butcher
john lacy => John Lacy
sages => Sages
hums => Hums
croft => Croft
griffin => Griffin
bull => Bull
seals => Seals
stables => Stables
borrow => Borrow
trundle => Trundle
beam => Beam
dirk van => Dirk Van
scales => Scales
on kit => On Kit
birch => Birch
sleeper => Sleeper
schmaltz => Schmaltz
mall => Mall
ton => Ton
maidens => Maidens
flam => Flam
craft => Craft
john stokes => John Stokes
p frank => P Frank
wider => Wider
holiday => Holiday
junker => Junker
mar => Mar
stabler => Stabler
hamlet => Hamlet
abed => Abed
hammer => Hammer
pacific => Pacific
linker => Linker
tinder => Tinder
shun => Shun
messenger => Messenger
workman => Workman
rose iii => Rose III
marker => Marker
earl => Earl
tanner => Tanner
darling-smith => Darling-Smith
ed and others => Ed and Others
slaughter => Slaughter
builder => Builder
broad => Broad
shook => Shook
bier => Bier
fern => Fern
guy => Guy
highland => Highland
egger => Egger
splitter => Splitter
thrift => Thrift
kin-ya => Kin-ya
render => Render
spear => Spear
serge => Serge
rapport => Rapport
chateau => Chateau
maria => Maria
uphold => Uphold
gaze => Gaze
gibbons => Gibbons
crews => Crews
cunning => Cunning
löwith => Löwith
morris => Morris
spears => Spears
easter => Easter
touchstone => Touchstone
winner => Winner
hale => Hale
gutting => Gutting
dubs => Dubs
lain => Lain
gander => Gander
priest => Priest
hardy lee => Hardy Lee
john life => John Life
cane => Cane
wander => Wander
charity cannon => Charity Cannon
constant noble => Constant Noble
spader => Spader
woody => Woody
kins => Kins
tomás => Tomás
wage => Wage
walls => Walls
viola => Viola
stainer => Stainer
shaw => Shaw
halfpenny => Halfpenny
blitz => Blitz
stark => Stark
steiner => Steiner
gilbert and others => Gilbert and Others
wolf-chase => Wolf-Chase
seltzer => Seltzer
bailiff => Bailiff
burrow => Burrow
diamond => Diamond
dicks => Dicks
sword => Sword
gravel => Gravel
bridges => Bridges
heron => Heron
noble => Noble
porn => Porn
smiley => Smiley
ace => Ace
wolf-dieter => Wolf-Dieter
martini => Martini
christen => Christen
shah => Shah
crozier => Crozier
masters => Masters
shoos => Shoos
blander => Blander
moulder => Moulder
cowing => Cowing
widow => Widow
franks => Franks
flax => Flax
mullen => Mullen
mayo => Mayo
coin => Coin
grove => Grove
shields => Shields
revel => Revel
plucker => Plucker
mariner => Mariner
lamber => Lamber
crisp => Crisp
solo => Solo
banner => Banner
hobby => Hobby
wan-chi => Wan-Chi
crane => Crane
steeves => Steeves
harming => Harming
bagger => Bagger
chandler => Chandler
iris => Iris
gross => Gross
crowder => Crowder
peel => Peel
mews => Mews
asher => Asher
maestri => Maestri
fleet => Fleet
undo => Undo
(professor) => (professor)
wetter => Wetter
bass => Bass
foreman => Foreman
winders => Winders
rover => Rover
nursing theories conference group => Nursing Theories Conference Group
mingle => Mingle
fain => Fain
faller => Faller
swain => Swain
bravo => Bravo
stern => Stern
merino => Merino
lyre => Lyre
tun => Tun
hut => Hut
dunning => Dunning
pas => PAS
ares => Ares
sari => Sari
haring => Haring
tensing => Tensing
jean mark => Jean Mark
fryer => Fryer
wheeler => Wheeler
ruin => Ruin
king => King
fry => Fry
wolfram => Wolfram
solére => Solére
bullock => Bullock
mason-grant => Mason-Grant
alder => Alder
ion => Ion
pea => Pea
buck => Buck
pierce => Pierce
marlin => Marlin
pence => Pence
van lier => Van Lier
gauger => Gauger
luger => Luger
a and others => A and Others
spike => Spike
trainer => Trainer
cox => Cox
tellings => Tellings
gabby => Gabby
spar => Spar
sills => Sills
quest => Quest
moot => Moot
young iii => Young III
pipes => Pipes
gaunt => Gaunt
conn => Conn
bole iii => Bole III
mess => Mess
overcast => Overcast
covey => Covey
wills => Wills
miner => Miner
ruse => Ruse
marten => Marten
tor => Tor
(and others) => (and others)
agar => Agar
lull => Lull
la valley => La Valley
fielding => Fielding
maples => Maples
pickle => Pickle
paisley => Paisley
st john => St John
knitter => Knitter
van den brink => Van den Brink
gay garland => Gay Garland
caraway => Caraway
vice => Vice
bland => Bland
sparrow => Sparrow
hostler => Hostler
tony => Tony
girt => Girt
hobbing => Hobbing
van duffel => Van Duffel
sack => Sack
homer => Homer
knell => Knell
cocking => Cocking
standing => Standing
fireside => Fireside
curd => Curd
broach => Broach
tuck => Tuck
beryl => Beryl
john lane => John Lane
cash => Cash
lex => Lex
broom => Broom
abate => Abate
gene => Gene
robin darling => Robin Darling
shank => Shank
debs => Debs
sung park => Sung Park
hodges => Hodges
brier => Brier
pare => Pare
dial => Dial
rue => Rue
parish => Parish
saner => Saner
dove => Dove
peers => Peers
chambers => Chambers
books => Books
kettle => Kettle
french => French
sloop => Sloop
preyer => Preyer
frost => Frost
sexton => Sexton
dowdy => Dowdy
bobby => Bobby
garrison => Garrison
peters => Peters
vessel => Vessel
grant ii => Grant II
glover => Glover
plumb => Plumb
waring => Waring
piazza => Piazza
screech => Screech
tombs => Tombs
dales => Dales
stake => Stake
mackintosh => Mackintosh
haws => Haws
cress => Cress
anonymous => Anonymous
mil => Mil
dinç => Dinç
waggle => Waggle
grover => Grover
pines => Pines
fustier => Fustier
martín => Martín
foreman-peck => Foreman-Peck
tam => Tam
kinder => Kinder
dirks => Dirks
butler => Butler
champagne => Champagne
fen => Fen
peach => Peach
pall => Pall
amber => Amber
hems => Hems
buff => Buff
swift => Swift
timothy => Timothy
ruby => Ruby
hodge => Hodge
sass => Sass
1965 => 1965
dewar => Dewar
sleigh => Sleigh
pippin => Pippin
grange => Grange
holler => Holler
stéfan => Stéfan
chanter => Chanter
john hope => John Hope
cording => Cording
randy => Randy
bas => Bas
ray => Ray
belay => Belay
dome => Dome
heath => Heath
menage => Menage
comer => Comer
saber => Saber
ward => Ward
lainé => Lainé
millet => Millet
jerry => Jerry
leiß => Leiß
squires => Squires
sailors => Sailors
springer => Springer
d nag => D Nag
deb => Deb
hackler => Hackler
nestle => Nestle
harding => Harding
tauts => Tauts
shoemaker => Shoemaker
tempest => Tempest
gee => Gee
canning => Canning
bin => Bin
chase => Chase
fleck => Fleck
reeve => Reeve
thrower => Thrower
sibyl => Sibyl
bunt => Bunt
lambèr => Lambèr
baron => Baron
wicks => Wicks
kale => Kale
shackle => Shackle
matt => Matt
hills => Hills
guyer => Guyer
combs => Combs
hart => Hart
mark basil => Mark Basil
coons => Coons
tan => Tan
quintín => Quintín
gent => Gent
havens => Havens
hong-gee => Hong-Gee
yule => Yule
cranny => Cranny
harry and others => Harry and Others
weasel => Weasel
tiller => Tiller
anders => Anders
mink => Mink
boos => Boos
citron => Citron
warring => Warring
piker => Piker
antler => Antler
harms => Harms
cram => Cram
riddle => Riddle
dews => Dews
coulomb => Coulomb
grace starry => Grace Starry
charters => Charters
ken => Ken
van dun => Van Dun
olive => Olive
marina => Marina
yang => Yang
jurist => Jurist
fitting => Fitting
gauss => Gauss
buddy => Buddy
crow => CROW
givens => Givens
buss => Buss
pages => Pages
falls => Falls
meager => Meager
warder => Warder
van inwagen => Van Inwagen
cavalier => Cavalier
craw => Craw
ginés => Ginés
bunting => Bunting
editor => Editor
sacks => Sacks
underwood => Underwood
skipper => Skipper
rips => Rips
boom => Boom
lackey => Lackey
hotel => Hotel
dines => Dines
sells => Sells
tapper => Tapper
scrimshaw => Scrimshaw
bales => BALES
cache => Cache
moor => Moor
ayer => Ayer
parry => Parry
font => Font
waller => Waller
brazier => Brazier
alter => Alter
chamberlain => Chamberlain
bloom => Bloom
bindé => Bindé
browner => Browner
grant => Grant
vining => Vining
milkman => Milkman
homes => Homes
kennel => Kennel
lines => Lines
bar-on => Bar-On
ricks => Ricks
sawyer => Sawyer
limbs => Limbs
galen => Galen
poster => Poster
van meter => Van Meter
hackney => Hackney
minus => Minus
paddy => Paddy
singer => Singer
victor => Victor
handler => Handler
eve => Eve
beers => Beers
slater => Slater
lessing => Lessing
coble => Coble
maierù => Maierù
files => Files
manes => Manes
haller => Haller
maker => Maker
rondo => Rondo
woodman => Woodman
mack => Mack
bellman => Bellman
lodge => Lodge
shearer => Shearer
heather => Heather
kidder => Kidder
wen => Wen
mead => Mead
schmuck => Schmuck
lathe => Lathe
savory => Savory
yang-lewis => Yang-Lewis
lily => Lily
van peer => Van Peer
banks => Banks
skip => Skip
heller => Heller
belling => Belling
brogan => Brogan
loyal => Loyal
vest => Vest
pater => Pater
sellers => Sellers
myers => Myers
sung => Sung
wilder-smith => Wilder-Smith
nephew => Nephew
soma => Soma
van hook => Van Hook
purser => Purser
march => March
pannier => Pannier
warier => Warier
hooker => Hooker
john franklin => John Franklin
gila => Gila
sager => Sager
pressman => Pressman
moles => Moles
mart => Mart
freshwater => Freshwater
sin => Sin
stump => Stump
blessing => Blessing
johns => Johns
la bar => La Bar
pollock => Pollock
smit => Smit
holly => Holly
jabs => Jabs
works => Works
huh => Huh
stucco => Stucco
john gray => John Gray
marín => Marín
hunger => Hunger
chin => Chin
warner arms => Warner Arms
stover => Stover
blacker => Blacker
kit => Kit
putsch => Putsch
havers => Havers
tinker => Tinker
delver => Delver
wicker => Wicker
vier => Vier
ohm => Ohm
harm => Harm
sunny => Sunny
haycock => Haycock
nils => Nils
lode => Lode
pour-el => Pour-El
sears => Sears
begüm => Begüm
ridge => Ridge
carrier => Carrier
hastings center => Hastings Center
houser => Houser
biddy => Biddy
carpenter => Carpenter
gosling => Gosling
wight => Wight
dries => Dries
salami => Salami
fountain => Fountain
burns => Burns
puffer => Puffer
peter graham => Peter Graham
sergeant => Sergeant
lee => Lee
lasagna => Lasagna
rhea => Rhea
theta => Theta
snider => Snider
e and others => E and Others
landers => Landers
kiss => Kiss
moray => Moray
kitchener => Kitchener
niece => Niece
ming yang => Ming Yang
derrick => Derrick
raja => Raja
gill => Gill
pinches => Pinches
shames => Shames
lapping => Lapping
greening => Greening
shalom => Shalom
postman => Postman
covert => Covert
st amour => St Amour
blight => Blight
mummery => Mummery
frisk => Frisk
huntsman => Huntsman
lovering => Lovering
porter => Porter
chuck => Chuck
outlaw => Outlaw
s and others => S and Others
stanks => Stanks
overall => Overall
ramsøy => Ramsøy
tine => Tine
hinderer => Hinderer
fanny => Fanny
moots => Moots
