# recent fixes
#
Marr, D. => Marr, David
Slovic, P. => Slovic, Paul
Hutchins, E. => Hutchins, Edwin
Hayes, P. => Hayes, Patrick
Turing, A. => Turing, Alan M.
Ross, L. => Ross, Lee
Flores, F. => Flores, Fernando
Byrne, R.W. => Byrne, Richard W.
Whiten, A. => Whiten, Andrew
Smolensky, P. => Smolensky, Paul
Steriade, M. => Steriade, Mircea
McCormick, D.A. => McCormick, David A.
Eckhorn, R. => Eckhorn, Reinhard
Pollack, J.B. => Pollack, Jordan B.
Duval, S. => Duval, Shelley
Wicklund, R.A. => Wicklund, Robert A.
Teasdale, G. => Teasdale, Graham
Bar-on, D. => Bar-On, Dorit

Stalnaker, Robert C. => Stalnaker, Robert
Bourget, David J. R. => Bourget, David
Harman, Gilbert H. => Harman, Gilbert
Jackson, Frank C. => Jackson, Frank
Shoemaker, Sydney S. => Shoemaker, Sydney
Field, Harty H. => Field, Harty
Price, Huw H. => Price, Huw
Goldman, Alvin I. => Goldman, Alvin
Rudder Baker, Lynne => Baker, Lynne Rudder
Block, Ned J. => Block, Ned
Field, Hartry H. => Field, Hartry
Perry, John O. => Perry, John
Kim, J. => Kim, Jaegwon
Margolis, Joseph Z. => Margolis, Joseph
Millikan, Ruth Garrett => Millikan, Ruth G. 
Garrett Millikan, Ruth => Millikan, Ruth G.
Dretske, Frederick => Dretske, Fred
Dretske, Frederick I. => Dretske, Fred
Cohen, Laurent Jonathan => Cohen, L. Jonathan
Marr, D => Marr, David
Hutchins, E => Hutchins, Edwin 
Turing, A => Turing, Alan M.
Hayes, P => Hayes, Patrick
Shiffrin, R. M. => Shiffrin, Richard M.
Schneider, W. E. => Schneider, Walter E.
Barkow, J. => Barkow, Jerome
Jacoby, L. L. => Jacoby, Larry L.
Medin, D. L. => Douglas L.
Schacter, D. L. => Schacter, Daniel L.
Sperling, G. => Sperling, George
Posner, M. I. => Posner, Michael I.
Farah, M. J. => Farah, Martha J.
Pollack, F. B. => Pollack, Jordan B.
Shepard, R. N. => Shepard, Roger N.
Norman, D. => Norman, Donald A.
Hilgard, E. R. => Hilgard, Ernest R.
Barwise, J. => Barwise, Jon
Hacking, I. => Hacking, Ian
Anderson, J. R. => Anderson, John R.

# from dave, part 1 of inc-na.txt
Dunlop, C. E. M. => Dunlop, C. E. M.
Bain, A. => Bain, Alexander
Vaden, T. => Vaden, Tere
Greenwood, J. D. => Greenwood, John D.
Lloyd Morgan, C. => Lloyd Morgan, C.
Hacker, P. M S. => Hacker, P. M. S.
Pears, D. F => Pears, David F.
Cole, D. J. => Cole, David J.
Adams, E. M => Adams, E. M
Maund, J. B. => Maund, J. B.
Lowe, E. J. => Lowe, E. J.
Lowe, E. J => Lowe, E. J.
Pitson, A. E => Pitson, A. E
Martin, M. G. F. => Martin, Michael G. F.
Sprigge, T. L. S. => Sprigge, T. L. S.
Kobes, B. W. => Kobes, Bernard W.
Nathan, N. M L. => Nathan, N. M. L.
Whiteley, C. H => Whiteley, C. H
Titchener, E. B. => Titchener, Edward B.
Hacker, P. M. S. => Hacker, P. M. S.
Smith, A. D. => Smith, A. D.
Piattelli-Palmarini, M. => Piattelli-Palmarini, Massimo
Strong, C. A. => Strong, C. A.
Smith, A. D => Smith, A. D.
Cling, A. => Cling, Andrew
Dyer, M. G. => Dyer, Michael G.
Joske, W. D => Joske, W. D
Maund, J. B => Maund, J. B
Martin, C. B. => Martin, C. B.

# from me, part 2 of inc-na.txt
Bradley, F. H. => Bradley, Francis H.
Fulford, K. W. M. => Fulford, K. William M.
Cain, M. J. => Cain, M. J.
Bain, A. => Bain, Alexander
Vaden, T. => Vaden, Tere
Chambers, D. => Chambers, D.
Kantor, J. R. => Kantor, Jacob Robert
Todd, D. D => Todd, David D
Krikorian, Y. H => Krikorian, Yervant H
Clark, S. R. L. => Clark, Stephen R. L.
Carrier, L. S => Carrier, Leonard S
Sibley, F. N => Sibley, Frank N.
Sibley, Frank => Sibley, Frank N.
Pillsbury, W. B. => Pillsbury, Walter B.
Holborow, L. C => Holborow, Les C
Vesey, G. N A. => Vesey, Godfrey N A.
Grimes, T. => Grimes, Thomas
Titchener, E. B. => Titchener, Edward Bradford
White, A. R => White, Alan Richard
Gallie, W. B => Gallie, Walter Bryce
Myers, G. E => Myers, Gerald E.
Bode, B. H. => Bode, Boyd H.
Walsh, D. M. => Walsh, Denis M.
van Brakel, J. => van Brakel, Jaap

# middle name adjustments

Costa, Horacio A. => Arlo-Costa, Horacio
Smith, David W. => Smith, David Woodruff
Angell, James R. => Angell, James Rowland
Nasr, Seyyed H. => Nasr, Seyyed Hossein
Price, Henry H. => Price, H. H.
Milikan, Ruth G. => Millikan, Ruth G.
Moore, George E. => Moore, G. E.
Sellars, Roy W. => Sellars, Roy Wood
Davies, Paul S. => Davies, Paul Sheldon
Khalidi, Muhammad A. => Khalidi, Muhammad A.
Austin, John L. => Austin, J. L.
Mellor, David H. => Mellor, D. H.
Thomson, Judith J. => Thomson, Judith Jarvis
Skinner, Burrhus F. => Skinner, B. F.
Marcus, Ruth B. => Marcus, Ruth Barcan
Wong, Hong Y. => Wong, Hong Yu
von Wright, Georg H. => von Wright, Georg Henrik
Prichard, Harold A. => Prichard, H. A.
Davies, Anne A. => Davies, Anne Aimola
Saksena, Shri K. => Saksena, Shri Krishna
Bynum, Terrell W. => Bynum, Terrell Ward
Brokes, Audre J. => Brokes, Audre Jean
Cartwright, Helen M. => Cartwright, Helen Morris
Johnson, David M. => Johnson, David Martel
Jacobson, Anne J. => Jacobson, Anne Jaap
Ladd, George T. => Ladd, George Trumbull
Gold, Steven J. => Gold, Steven Jay
Whiteley, Charles H. => Whiteley, C. H.
Naylor, Margery B. => Naylor, Margery Bedford
Barrett, Lisa F. => Barrett, Lisa Feldman
Broad, Charlie D. => Broad, C. D.
Smythies, John R. => Smythies, J. R.
Zeev, Aaron B. => Ben-Ze'ev, Aaron
Chan, Sin Y. => Chan, Sin Yee
Sobel, Jordan H. => Sobel, Jordan Howard
Smith, David W. => Smith, David Woodruff
MARCUS, Ruth B. => Marcus, Ruth Barcan
Smith, Barbara H. => Smith, Barbara Herrnstein
Wilson, David S. => Wilson, David Sloan
Barba, Gianfranco D. => Dalla Barba, Gianfranco
Kalderon, Mark E. => Kalderon, Mark Eli
Anscombe, Gertrude E. M. => Anscombe, G. E. M.
Ayer, Alfred J. => Ayer, A. J.
Baker, Lynne R. => Rudder Baker, Lynne
Hare, Richard M. => Hare, R. M.
Smart, John J. C. => Smart, J. J. C.
Hardcastle, Valerie G. => Hardcastle, Valerie Gray
Jordan, Jeffrey S. => Jordan, Jeffrey Scott
Smith, Brian C. => Cantwell Smith, Brian
Ekstrom, Laura W. => Ekstrom, Laura W.
Mcalister, Linda L. => McAlister, Linda Lopez
Wolf, Fred A. => Wolf, Fred Alan
Fischer, John M. => Fischer, John Martin
Beck, Lewis W. => Beck, Lewis White
Hardin, Clyde L. => Hardin, C. L.
BAKER, Lynne R. => Rudder Baker, Lynne
Brown, Steven R. => Brown, Steven Ravett
Perry, Ralph B. => Perry, Ralph Barton
Findlay, John N. => Findlay, J. N.
Baldwin, James M. => Baldwin, James Mark
Mackie, John L. => Mackie, J. L.
Hanson, Norwood R. => Hanson, Norwood Russell
Griffin, David R. => Griffin, David Ray


